Type,Volume,Energy,Periodic Boundary Conditions,a_x,a_y,a_z,b_x,b_y,b_z,c_x,c_y,c_z,Model,v0,e0,Bulk_Modulus_GPa
Raw,10.5,-6.597945213317871,[ True  True  True],0.0,1.7380133224432248,1.7380133224432248,1.7380133224432248,0.0,1.7380133224432248,1.7380133224432248,1.7380133224432248,0.0,,,,
Raw,11.0,-7.528043746948242,[ True  True  True],0.0,1.7651741676630315,1.7651741676630315,1.7651741676630315,0.0,1.7651741676630315,1.7651741676630315,1.7651741676630315,0.0,,,,
Raw,11.5,-8.334494590759277,[ True  True  True],0.0,1.791523935507973,1.791523935507973,1.791523935507973,0.0,1.791523935507973,1.791523935507973,1.791523935507973,0.0,,,,
Raw,12.0,-9.021001815795898,[ True  True  True],0.0,1.8171205928321394,1.8171205928321394,1.8171205928321394,0.0,1.8171205928321394,1.8171205928321394,1.8171205928321394,0.0,,,,
Raw,12.5,-9.59377670288086,[ True  True  True],0.0,1.8420157493201932,1.8420157493201932,1.8420157493201932,0.0,1.8420157493201932,1.8420157493201932,1.8420157493201932,0.0,,,,
Raw,13.0,-10.065309524536133,[ True  True  True],0.0,1.8662555784086239,1.8662555784086239,1.8662555784086239,0.0,1.8662555784086239,1.8662555784086239,1.8662555784086239,0.0,,,,
Raw,13.5,-10.451902389526367,[ True  True  True],0.0,1.8898815748423097,1.8898815748423097,1.8898815748423097,0.0,1.8898815748423097,1.8898815748423097,1.8898815748423097,0.0,,,,
Raw,14.0,-10.774260520935059,[ True  True  True],0.0,1.912931182772389,1.912931182772389,1.912931182772389,0.0,1.912931182772389,1.912931182772389,1.912931182772389,0.0,,,,
Raw,14.5,-11.045419692993164,[ True  True  True],0.0,1.9354383203138983,1.9354383203138983,1.9354383203138983,0.0,1.9354383203138983,1.9354383203138983,1.9354383203138983,0.0,,,,
Raw,15.0,-11.272170066833496,[ True  True  True],0.0,1.9574338205844317,1.9574338205844317,1.9574338205844317,0.0,1.9574338205844317,1.9574338205844317,1.9574338205844317,0.0,,,,
Raw,15.5,-11.457657814025879,[ True  True  True],0.0,1.9789458048402027,1.9789458048402027,1.9789458048402027,0.0,1.9789458048402027,1.9789458048402027,1.9789458048402027,0.0,,,,
Raw,16.0,-11.604592323303223,[ True  True  True],0.0,1.9999999999999998,1.9999999999999998,1.9999999999999998,0.0,1.9999999999999998,1.9999999999999998,1.9999999999999998,0.0,,,,
Raw,16.3,-11.676819801330566,[ True  True  True],0.0,2.01242267876742,2.01242267876742,2.01242267876742,0.0,2.01242267876742,2.01242267876742,2.01242267876742,0.0,,,,
Raw,16.6,-11.738906860351562,[ True  True  True],0.0,2.024693852005457,2.024693852005457,2.024693852005457,0.0,2.024693852005457,2.024693852005457,2.024693852005457,0.0,,,,
Raw,16.900000000000002,-11.791783332824707,[ True  True  True],0.0,2.03681805624826,2.03681805624826,2.03681805624826,0.0,2.03681805624826,2.03681805624826,2.03681805624826,0.0,,,,
Raw,17.200000000000003,-11.836257934570312,[ True  True  True],0.0,2.0487996145182663,2.0487996145182663,2.0487996145182663,0.0,2.0487996145182663,2.0487996145182663,2.0487996145182663,0.0,,,,
Raw,17.500000000000004,-11.873066902160645,[ True  True  True],0.0,2.0606426499042785,2.0606426499042785,2.0606426499042785,0.0,2.0606426499042785,2.0606426499042785,2.0606426499042785,0.0,,,,
Raw,17.800000000000004,-11.902832984924316,[ True  True  True],0.0,2.072351098059261,2.072351098059261,2.072351098059261,0.0,2.072351098059261,2.072351098059261,2.072351098059261,0.0,,,,
Raw,18.100000000000005,-11.926126480102539,[ True  True  True],0.0,2.0839287187204754,2.0839287187204754,2.0839287187204754,0.0,2.0839287187204754,2.0839287187204754,2.0839287187204754,0.0,,,,
Raw,18.400000000000006,-11.943449974060059,[ True  True  True],0.0,2.0953791063432945,2.0953791063432945,2.0953791063432945,0.0,2.0953791063432945,2.0953791063432945,2.0953791063432945,0.0,,,,
Raw,18.700000000000006,-11.9552583694458,[ True  True  True],0.0,2.106705699930155,2.106705699930155,2.106705699930155,0.0,2.106705699930155,2.106705699930155,2.106705699930155,0.0,,,,
Raw,19.000000000000007,-11.961954116821289,[ True  True  True],0.0,2.1179117921274466,2.1179117921274466,2.1179117921274466,0.0,2.1179117921274466,2.1179117921274466,2.1179117921274466,0.0,,,,
Raw,19.19,-11.963709831237793,[ True  True  True],0.0,2.124948095618028,2.124948095618028,2.124948095618028,0.0,2.124948095618028,2.124948095618028,2.124948095618028,0.0,,,,
Raw,19.300000000000008,-11.96389102935791,[ True  True  True],0.0,2.129000537655505,2.129000537655505,2.129000537655505,0.0,2.129000537655505,2.129000537655505,2.129000537655505,0.0,,,,
Raw,19.60000000000001,-11.961434364318848,[ True  True  True],0.0,2.139974961130159,2.139974961130159,2.139974961130159,0.0,2.139974961130159,2.139974961130159,2.139974961130159,0.0,,,,
Raw,19.90000000000001,-11.954900741577148,[ True  True  True],0.0,2.150837964328351,2.150837964328351,2.150837964328351,0.0,2.150837964328351,2.150837964328351,2.150837964328351,0.0,,,,
Raw,20.20000000000001,-11.94457721710205,[ True  True  True],0.0,2.161592332945083,2.161592332945083,2.161592332945083,0.0,2.161592332945083,2.161592332945083,2.161592332945083,0.0,,,,
Raw,20.50000000000001,-11.930730819702148,[ True  True  True],0.0,2.172240742884306,2.172240742884306,2.172240742884306,0.0,2.172240742884306,2.172240742884306,2.172240742884306,0.0,,,,
Raw,20.80000000000001,-11.91361141204834,[ True  True  True],0.0,2.182785766122212,2.182785766122212,2.182785766122212,0.0,2.182785766122212,2.182785766122212,2.182785766122212,0.0,,,,
Raw,21.100000000000012,-11.893448829650879,[ True  True  True],0.0,2.193229876177714,2.193229876177714,2.193229876177714,0.0,2.193229876177714,2.193229876177714,2.193229876177714,0.0,,,,
Raw,21.400000000000013,-11.87045955657959,[ True  True  True],0.0,2.203575453221626,2.203575453221626,2.203575453221626,0.0,2.203575453221626,2.203575453221626,2.203575453221626,0.0,,,,
EOS,,,,,,,,,,,,,birchmurnaghan,19.253681343950195,-11.964584924408276,153.45962349332333
EOS,,,,,,,,,,,,,murnaghan,19.23797738995395,-11.96803403941224,163.4796537025946
EOS,,,,,,,,,,,,,sjeos,19.260698167345474,-11.963447059501945,150.03560049713934
EOS,,,,,,,,,,,,,taylor,18.723273651330405,-11.92565798365946,98.27375375196455
EOS,,,,,,,,,,,,,birch,19.253681348745623,-11.964584924216672,153.45962287352538
Interpolated,10.5,-6.597945213317872,,,,,,,,,,,,,,
Interpolated,10.52184368737475,-6.6412085760252,,,,,,,,,,,,,,
Interpolated,10.5436873747495,-6.684229665770145,,,,,,,,,,,,,,
Interpolated,10.565531062124249,-6.72700876947144,,,,,,,,,,,,,,
Interpolated,10.587374749498998,-6.769546174047807,,,,,,,,,,,,,,
Interpolated,10.609218436873748,-6.811842166417968,,,,,,,,,,,,,,
Interpolated,10.631062124248498,-6.85389703350065,,,,,,,,,,,,,,
Interpolated,10.652905811623247,-6.895711062214576,,,,,,,,,,,,,,
Interpolated,10.674749498997997,-6.937284539478472,,,,,,,,,,,,,,
Interpolated,10.696593186372745,-6.978617752211057,,,,,,,,,,,,,,
Interpolated,10.718436873747494,-7.019710987331064,,,,,,,,,,,,,,
Interpolated,10.740280561122244,-7.060564531757214,,,,,,,,,,,,,,
Interpolated,10.762124248496994,-7.101178672408231,,,,,,,,,,,,,,
Interpolated,10.783967935871743,-7.14155369620284,,,,,,,,,,,,,,
Interpolated,10.805811623246493,-7.181689890059767,,,,,,,,,,,,,,
Interpolated,10.827655310621243,-7.221587540897732,,,,,,,,,,,,,,
Interpolated,10.849498997995992,-7.261246935635462,,,,,,,,,,,,,,
Interpolated,10.871342685370742,-7.3006683611916845,,,,,,,,,,,,,,
Interpolated,10.893186372745491,-7.339852104485119,,,,,,,,,,,,,,
Interpolated,10.915030060120241,-7.378798452434494,,,,,,,,,,,,,,
Interpolated,10.93687374749499,-7.417507691958532,,,,,,,,,,,,,,
Interpolated,10.95871743486974,-7.455980109975959,,,,,,,,,,,,,,
Interpolated,10.98056112224449,-7.494215993405496,,,,,,,,,,,,,,
Interpolated,11.00240480961924,-7.532215629165872,,,,,,,,,,,,,,
Interpolated,11.02424849699399,-7.569979304175811,,,,,,,,,,,,,,
Interpolated,11.046092184368739,-7.6075073053540345,,,,,,,,,,,,,,
Interpolated,11.067935871743488,-7.644799919619269,,,,,,,,,,,,,,
Interpolated,11.089779559118238,-7.681857433890238,,,,,,,,,,,,,,
Interpolated,11.111623246492986,-7.718680135085666,,,,,,,,,,,,,,
Interpolated,11.133466933867735,-7.755268310124278,,,,,,,,,,,,,,
Interpolated,11.155310621242485,-7.7916222459248,,,,,,,,,,,,,,
Interpolated,11.177154308617235,-7.827742229405956,,,,,,,,,,,,,,
Interpolated,11.198997995991984,-7.863628547486469,,,,,,,,,,,,,,
Interpolated,11.220841683366734,-7.899281487085067,,,,,,,,,,,,,,
Interpolated,11.242685370741484,-7.934701335120469,,,,,,,,,,,,,,
Interpolated,11.264529058116233,-7.969888378511403,,,,,,,,,,,,,,
Interpolated,11.286372745490983,-8.004842904176593,,,,,,,,,,,,,,
Interpolated,11.308216432865732,-8.039565199034762,,,,,,,,,,,,,,
Interpolated,11.330060120240482,-8.074055550004639,,,,,,,,,,,,,,
Interpolated,11.351903807615232,-8.108314244004944,,,,,,,,,,,,,,
Interpolated,11.373747494989981,-8.142341567954402,,,,,,,,,,,,,,
Interpolated,11.395591182364731,-8.176137808771742,,,,,,,,,,,,,,
Interpolated,11.41743486973948,-8.209703253375682,,,,,,,,,,,,,,
Interpolated,11.43927855711423,-8.243038188684952,,,,,,,,,,,,,,
Interpolated,11.46112224448898,-8.276142901618272,,,,,,,,,,,,,,
Interpolated,11.48296593186373,-8.30901767909437,,,,,,,,,,,,,,
Interpolated,11.504809619238479,-8.341662808266076,,,,,,,,,,,,,,
Interpolated,11.526653306613227,-8.37407861519104,,,,,,,,,,,,,,
Interpolated,11.548496993987976,-8.406265507973673,,,,,,,,,,,,,,
Interpolated,11.570340681362726,-8.438223905118418,,,,,,,,,,,,,,
Interpolated,11.592184368737476,-8.469954225129717,,,,,,,,,,,,,,
Interpolated,11.614028056112225,-8.501456886512004,,,,,,,,,,,,,,
Interpolated,11.635871743486975,-8.532732307769727,,,,,,,,,,,,,,
Interpolated,11.657715430861725,-8.563780907407322,,,,,,,,,,,,,,
Interpolated,11.679559118236474,-8.594603103929236,,,,,,,,,,,,,,
Interpolated,11.701402805611224,-8.625199315839904,,,,,,,,,,,,,,
Interpolated,11.723246492985973,-8.655569961643769,,,,,,,,,,,,,,
Interpolated,11.745090180360723,-8.685715459845277,,,,,,,,,,,,,,
Interpolated,11.766933867735473,-8.715636228948862,,,,,,,,,,,,,,
Interpolated,11.788777555110222,-8.74533268745897,,,,,,,,,,,,,,
Interpolated,11.810621242484972,-8.77480525388004,,,,,,,,,,,,,,
Interpolated,11.832464929859722,-8.804054346716512,,,,,,,,,,,,,,
Interpolated,11.854308617234471,-8.833080384472828,,,,,,,,,,,,,,
Interpolated,11.87615230460922,-8.861883785653431,,,,,,,,,,,,,,
Interpolated,11.897995991983969,-8.89046496876276,,,,,,,,,,,,,,
Interpolated,11.91983967935872,-8.91882435230526,,,,,,,,,,,,,,
Interpolated,11.941683366733468,-8.946962354785367,,,,,,,,,,,,,,
Interpolated,11.963527054108217,-8.974879394707523,,,,,,,,,,,,,,
Interpolated,11.985370741482967,-9.002575890576173,,,,,,,,,,,,,,
Interpolated,12.007214428857717,-9.030052265266917,,,,,,,,,,,,,,
Interpolated,12.029058116232466,-9.057309209793889,,,,,,,,,,,,,,
Interpolated,12.050901803607216,-9.084347834196079,,,,,,,,,,,,,,
Interpolated,12.072745490981966,-9.111169284959168,,,,,,,,,,,,,,
Interpolated,12.094589178356715,-9.137774708568825,,,,,,,,,,,,,,
Interpolated,12.116432865731465,-9.16416525151073,,,,,,,,,,,,,,
Interpolated,12.138276553106214,-9.190342060270558,,,,,,,,,,,,,,
Interpolated,12.160120240480964,-9.216306281333987,,,,,,,,,,,,,,
Interpolated,12.181963927855714,-9.242059061186689,,,,,,,,,,,,,,
Interpolated,12.203807615230463,-9.267601546314344,,,,,,,,,,,,,,
Interpolated,12.225651302605213,-9.292934883202628,,,,,,,,,,,,,,
Interpolated,12.247494989979963,-9.318060218337214,,,,,,,,,,,,,,
Interpolated,12.269338677354712,-9.34297869820378,,,,,,,,,,,,,,
Interpolated,12.291182364729462,-9.367691469288003,,,,,,,,,,,,,,
Interpolated,12.31302605210421,-9.392199678075555,,,,,,,,,,,,,,
Interpolated,12.33486973947896,-9.416504471052116,,,,,,,,,,,,,,
Interpolated,12.356713426853709,-9.440606994703362,,,,,,,,,,,,,,
Interpolated,12.378557114228459,-9.464508395514967,,,,,,,,,,,,,,
Interpolated,12.400400801603208,-9.488209819972612,,,,,,,,,,,,,,
Interpolated,12.422244488977958,-9.511712414561968,,,,,,,,,,,,,,
Interpolated,12.444088176352707,-9.53501732576871,,,,,,,,,,,,,,
Interpolated,12.465931863727457,-9.558125700078518,,,,,,,,,,,,,,
Interpolated,12.487775551102207,-9.581038683977066,,,,,,,,,,,,,,
Interpolated,12.509619238476956,-9.603757425341815,,,,,,,,,,,,,,
Interpolated,12.531462925851706,-9.62628311518506,,,,,,,,,,,,,,
Interpolated,12.553306613226455,-9.648616994922332,,,,,,,,,,,,,,
Interpolated,12.575150300601205,-9.670760308825677,,,,,,,,,,,,,,
Interpolated,12.596993987975955,-9.692714301167149,,,,,,,,,,,,,,
Interpolated,12.618837675350704,-9.71448021621878,,,,,,,,,,,,,,
Interpolated,12.640681362725454,-9.736059298252625,,,,,,,,,,,,,,
Interpolated,12.662525050100204,-9.757452791540732,,,,,,,,,,,,,,
Interpolated,12.684368737474951,-9.778661940355143,,,,,,,,,,,,,,
Interpolated,12.706212424849703,-9.799687988967909,,,,,,,,,,,,,,
Interpolated,12.72805611222445,-9.820532181651071,,,,,,,,,,,,,,
Interpolated,12.7498997995992,-9.841195762676682,,,,,,,,,,,,,,
Interpolated,12.77174348697395,-9.861679976316783,,,,,,,,,,,,,,
Interpolated,12.7935871743487,-9.881986066843425,,,,,,,,,,,,,,
Interpolated,12.81543086172345,-9.902115278528651,,,,,,,,,,,,,,
Interpolated,12.837274549098199,-9.922068855644508,,,,,,,,,,,,,,
Interpolated,12.859118236472948,-9.941848042463045,,,,,,,,,,,,,,
Interpolated,12.880961923847698,-9.961454083256305,,,,,,,,,,,,,,
Interpolated,12.902805611222448,-9.980888222296336,,,,,,,,,,,,,,
Interpolated,12.924649298597197,-10.000151703855188,,,,,,,,,,,,,,
Interpolated,12.946492985971947,-10.019245772204902,,,,,,,,,,,,,,
Interpolated,12.968336673346696,-10.038171671617526,,,,,,,,,,,,,,
Interpolated,12.990180360721446,-10.056930646365108,,,,,,,,,,,,,,
Interpolated,13.012024048096196,-10.075523962621794,,,,,,,,,,,,,,
Interpolated,13.033867735470945,-10.093953288385066,,,,,,,,,,,,,,
Interpolated,13.055711422845693,-10.112220643882381,,,,,,,,,,,,,,
Interpolated,13.077555110220445,-10.130328061270642,,,,,,,,,,,,,,
Interpolated,13.099398797595192,-10.14827757270676,,,,,,,,,,,,,,
Interpolated,13.121242484969944,-10.16607121034764,,,,,,,,,,,,,,
Interpolated,13.143086172344692,-10.183711006350185,,,,,,,,,,,,,,
Interpolated,13.164929859719441,-10.201198992871305,,,,,,,,,,,,,,
Interpolated,13.186773547094191,-10.2185372020679,,,,,,,,,,,,,,
Interpolated,13.20861723446894,-10.235727666096881,,,,,,,,,,,,,,
Interpolated,13.23046092184369,-10.252772417115152,,,,,,,,,,,,,,
Interpolated,13.25230460921844,-10.269673487279617,,,,,,,,,,,,,,
Interpolated,13.27414829659319,-10.286432908747182,,,,,,,,,,,,,,
Interpolated,13.295991983967939,-10.303052713674756,,,,,,,,,,,,,,
Interpolated,13.317835671342689,-10.31953493421924,,,,,,,,,,,,,,
Interpolated,13.339679358717438,-10.335881602537542,,,,,,,,,,,,,,
Interpolated,13.361523046092188,-10.352094750786572,,,,,,,,,,,,,,
Interpolated,13.383366733466938,-10.368176411123228,,,,,,,,,,,,,,
Interpolated,13.405210420841687,-10.384128615704418,,,,,,,,,,,,,,
Interpolated,13.427054108216437,-10.399953396687053,,,,,,,,,,,,,,
Interpolated,13.448897795591186,-10.41565278622803,,,,,,,,,,,,,,
Interpolated,13.470741482965934,-10.43122881648426,,,,,,,,,,,,,,
Interpolated,13.492585170340686,-10.446683519612654,,,,,,,,,,,,,,
Interpolated,13.514428857715433,-10.462018877500173,,,,,,,,,,,,,,
Interpolated,13.536272545090185,-10.477236274481859,,,,,,,,,,,,,,
Interpolated,13.558116232464933,-10.492336703031093,,,,,,,,,,,,,,
Interpolated,13.579959919839682,-10.507321148799209,,,,,,,,,,,,,,
Interpolated,13.601803607214432,-10.522190597437529,,,,,,,,,,,,,,
Interpolated,13.623647294589182,-10.536946034597376,,,,,,,,,,,,,,
Interpolated,13.645490981963931,-10.551588445930077,,,,,,,,,,,,,,
Interpolated,13.66733466933868,-10.566118817086958,,,,,,,,,,,,,,
Interpolated,13.68917835671343,-10.580538133719342,,,,,,,,,,,,,,
Interpolated,13.71102204408818,-10.594847381478559,,,,,,,,,,,,,,
Interpolated,13.73286573146293,-10.609047546015928,,,,,,,,,,,,,,
Interpolated,13.75470941883768,-10.62313961298278,,,,,,,,,,,,,,
Interpolated,13.776553106212429,-10.637124568030433,,,,,,,,,,,,,,
Interpolated,13.798396793587179,-10.651003396810218,,,,,,,,,,,,,,
Interpolated,13.820240480961928,-10.664777084973458,,,,,,,,,,,,,,
Interpolated,13.842084168336678,-10.67844661817148,,,,,,,,,,,,,,
Interpolated,13.863927855711427,-10.692012982055605,,,,,,,,,,,,,,
Interpolated,13.885771543086175,-10.705477162277163,,,,,,,,,,,,,,
Interpolated,13.907615230460927,-10.718840144487478,,,,,,,,,,,,,,
Interpolated,13.929458917835674,-10.732102914337869,,,,,,,,,,,,,,
Interpolated,13.951302605210424,-10.745266457479673,,,,,,,,,,,,,,
Interpolated,13.973146292585174,-10.758331759564204,,,,,,,,,,,,,,
Interpolated,13.994989979959923,-10.771299806242792,,,,,,,,,,,,,,
Interpolated,14.016833667334673,-10.784171549696365,,,,,,,,,,,,,,
Interpolated,14.038677354709423,-10.796947670016511,,,,,,,,,,,,,,
Interpolated,14.060521042084172,-10.809628714949898,,,,,,,,,,,,,,
Interpolated,14.082364729458922,-10.822215231360856,,,,,,,,,,,,,,
Interpolated,14.104208416833671,-10.834707766113702,,,,,,,,,,,,,,
Interpolated,14.126052104208421,-10.847106866072755,,,,,,,,,,,,,,
Interpolated,14.14789579158317,-10.85941307810234,,,,,,,,,,,,,,
Interpolated,14.16973947895792,-10.87162694906678,,,,,,,,,,,,,,
Interpolated,14.19158316633267,-10.883749025830394,,,,,,,,,,,,,,
Interpolated,14.21342685370742,-10.895779855257501,,,,,,,,,,,,,,
Interpolated,14.23527054108217,-10.907719984212427,,,,,,,,,,,,,,
Interpolated,14.257114228456917,-10.919569959559489,,,,,,,,,,,,,,
Interpolated,14.278957915831668,-10.931330328163014,,,,,,,,,,,,,,
Interpolated,14.300801603206416,-10.943001636887319,,,,,,,,,,,,,,
Interpolated,14.322645290581168,-10.954584432596727,,,,,,,,,,,,,,
Interpolated,14.344488977955915,-10.966079262155558,,,,,,,,,,,,,,
Interpolated,14.366332665330665,-10.977486672428135,,,,,,,,,,,,,,
Interpolated,14.388176352705415,-10.98880721027878,,,,,,,,,,,,,,
Interpolated,14.410020040080164,-11.000041422571808,,,,,,,,,,,,,,
Interpolated,14.431863727454914,-11.011189856171551,,,,,,,,,,,,,,
Interpolated,14.453707414829664,-11.022253057942324,,,,,,,,,,,,,,
Interpolated,14.475551102204413,-11.033231574748449,,,,,,,,,,,,,,
Interpolated,14.497394789579163,-11.04412595345425,,,,,,,,,,,,,,
Interpolated,14.519238476953912,-11.05493670415258,,,,,,,,,,,,,,
Interpolated,14.541082164328662,-11.06566412595968,,,,,,,,,,,,,,
Interpolated,14.562925851703412,-11.076308442886631,,,,,,,,,,,,,,
Interpolated,14.584769539078161,-11.086869878853197,,,,,,,,,,,,,,
Interpolated,14.606613226452911,-11.097348657779145,,,,,,,,,,,,,,
Interpolated,14.628456913827659,-11.10774500358424,,,,,,,,,,,,,,
Interpolated,14.65030060120241,-11.118059140188247,,,,,,,,,,,,,,
Interpolated,14.672144288577158,-11.128291291510932,,,,,,,,,,,,,,
Interpolated,14.69398797595191,-11.138441681472063,,,,,,,,,,,,,,
Interpolated,14.715831663326657,-11.1485105339914,,,,,,,,,,,,,,
Interpolated,14.737675350701409,-11.158498072988714,,,,,,,,,,,,,,
Interpolated,14.759519038076157,-11.168404522383767,,,,,,,,,,,,,,
Interpolated,14.781362725450908,-11.178230106096326,,,,,,,,,,,,,,
Interpolated,14.803206412825656,-11.18797504804616,,,,,,,,,,,,,,
Interpolated,14.825050100200405,-11.19763957215303,,,,,,,,,,,,,,
Interpolated,14.846893787575155,-11.2072239023367,,,,,,,,,,,,,,
Interpolated,14.868737474949905,-11.216728262516945,,,,,,,,,,,,,,
Interpolated,14.890581162324654,-11.226152876613522,,,,,,,,,,,,,,
Interpolated,14.912424849699404,-11.235497968546198,,,,,,,,,,,,,,
Interpolated,14.934268537074153,-11.244763762234742,,,,,,,,,,,,,,
Interpolated,14.956112224448903,-11.253950481598917,,,,,,,,,,,,,,
Interpolated,14.977955911823653,-11.263058350558488,,,,,,,,,,,,,,
Interpolated,14.9997995991984,-11.272087593033222,,,,,,,,,,,,,,
Interpolated,15.021643286573152,-11.281038417950723,,,,,,,,,,,,,,
Interpolated,15.0434869739479,-11.289910972596441,,,,,,,,,,,,,,
Interpolated,15.065330661322651,-11.298705388415293,,,,,,,,,,,,,,
Interpolated,15.087174348697399,-11.307421796852175,,,,,,,,,,,,,,
Interpolated,15.10901803607215,-11.316060329351997,,,,,,,,,,,,,,
Interpolated,15.130861723446898,-11.324621117359664,,,,,,,,,,,,,,
Interpolated,15.15270541082165,-11.333104292320078,,,,,,,,,,,,,,
Interpolated,15.174549098196398,-11.341509985678146,,,,,,,,,,,,,,
Interpolated,15.196392785571147,-11.34983832887877,,,,,,,,,,,,,,
Interpolated,15.218236472945897,-11.358089453366857,,,,,,,,,,,,,,
Interpolated,15.240080160320646,-11.366263490587308,,,,,,,,,,,,,,
Interpolated,15.261923847695396,-11.374360571985033,,,,,,,,,,,,,,
Interpolated,15.283767535070146,-11.38238082900493,,,,,,,,,,,,,,
Interpolated,15.305611222444895,-11.390324393091907,,,,,,,,,,,,,,
Interpolated,15.327454909819645,-11.398191395690871,,,,,,,,,,,,,,
Interpolated,15.349298597194394,-11.40598196824672,,,,,,,,,,,,,,
Interpolated,15.371142284569144,-11.413696242204361,,,,,,,,,,,,,,
Interpolated,15.392985971943894,-11.4213343490087,,,,,,,,,,,,,,
Interpolated,15.414829659318642,-11.42889642010464,,,,,,,,,,,,,,
Interpolated,15.436673346693393,-11.436382586937086,,,,,,,,,,,,,,
Interpolated,15.45851703406814,-11.443792980950942,,,,,,,,,,,,,,
Interpolated,15.480360721442892,-11.451127733591115,,,,,,,,,,,,,,
Interpolated,15.50220440881764,-11.458386976383752,,,,,,,,,,,,,,
Interpolated,15.524048096192391,-11.465570946015113,,,,,,,,,,,,,,
Interpolated,15.54589178356714,-11.47268019080268,,,,,,,,,,,,,,
Interpolated,15.56773547094189,-11.479715316518647,,,,,,,,,,,,,,
Interpolated,15.589579158316639,-11.486676928935204,,,,,,,,,,,,,,
Interpolated,15.611422845691388,-11.493565633824543,,,,,,,,,,,,,,
Interpolated,15.633266533066138,-11.500382036958861,,,,,,,,,,,,,,
Interpolated,15.655110220440887,-11.507126744110348,,,,,,,,,,,,,,
Interpolated,15.676953907815637,-11.513800361051192,,,,,,,,,,,,,,
Interpolated,15.698797595190387,-11.520403493553589,,,,,,,,,,,,,,
Interpolated,15.720641282565136,-11.526936747389732,,,,,,,,,,,,,,
Interpolated,15.742484969939886,-11.533400728331806,,,,,,,,,,,,,,
Interpolated,15.764328657314636,-11.539796042152016,,,,,,,,,,,,,,
Interpolated,15.786172344689385,-11.54612329462254,,,,,,,,,,,,,,
Interpolated,15.808016032064135,-11.552383091515582,,,,,,,,,,,,,,
Interpolated,15.829859719438883,-11.558576038603324,,,,,,,,,,,,,,
Interpolated,15.851703406813634,-11.564702741657966,,,,,,,,,,,,,,
Interpolated,15.873547094188382,-11.5707638064517,,,,,,,,,,,,,,
Interpolated,15.895390781563133,-11.576759838756711,,,,,,,,,,,,,,
Interpolated,15.917234468937881,-11.582691444345198,,,,,,,,,,,,,,
Interpolated,15.939078156312632,-11.588559228989348,,,,,,,,,,,,,,
Interpolated,15.96092184368738,-11.594363798461357,,,,,,,,,,,,,,
Interpolated,15.982765531062132,-11.600105758533417,,,,,,,,,,,,,,
Interpolated,16.00460921843688,-11.605785714996358,,,,,,,,,,,,,,
Interpolated,16.02645290581163,-11.611404277089573,,,,,,,,,,,,,,
Interpolated,16.04829659318638,-11.61696206151339,,,,,,,,,,,,,,
Interpolated,16.070140280561127,-11.622459685942438,,,,,,,,,,,,,,
Interpolated,16.091983967935878,-11.627897768051362,,,,,,,,,,,,,,
Interpolated,16.11382765531063,-11.6332769255148,,,,,,,,,,,,,,
Interpolated,16.135671342685377,-11.638597776007382,,,,,,,,,,,,,,
Interpolated,16.157515030060125,-11.643860937203756,,,,,,,,,,,,,,
Interpolated,16.179358717434877,-11.649067026778555,,,,,,,,,,,,,,
Interpolated,16.201202404809624,-11.654216662406421,,,,,,,,,,,,,,
Interpolated,16.223046092184376,-11.659310461761986,,,,,,,,,,,,,,
Interpolated,16.244889779559124,-11.664349042519891,,,,,,,,,,,,,,
Interpolated,16.266733466933875,-11.669333022354776,,,,,,,,,,,,,,
Interpolated,16.288577154308623,-11.674263018941275,,,,,,,,,,,,,,
Interpolated,16.310420841683374,-11.6791396442764,,,,,,,,,,,,,,
Interpolated,16.332264529058122,-11.683963364554188,,,,,,,,,,,,,,
Interpolated,16.354108216432873,-11.688734491174285,,,,,,,,,,,,,,
Interpolated,16.37595190380762,-11.693453328058391,,,,,,,,,,,,,,
Interpolated,16.397795591182373,-11.698120179128225,,,,,,,,,,,,,,
Interpolated,16.41963927855712,-11.702735348305493,,,,,,,,,,,,,,
Interpolated,16.44148296593187,-11.707299139511905,,,,,,,,,,,,,,
Interpolated,16.46332665330662,-11.711811856669168,,,,,,,,,,,,,,
Interpolated,16.48517034068137,-11.716273803699,,,,,,,,,,,,,,
Interpolated,16.50701402805612,-11.720685284523098,,,,,,,,,,,,,,
Interpolated,16.528857715430867,-11.725046603063179,,,,,,,,,,,,,,
Interpolated,16.55070140280562,-11.729358063240953,,,,,,,,,,,,,,
Interpolated,16.57254509018037,-11.73361996897813,,,,,,,,,,,,,,
Interpolated,16.594388777555118,-11.737832624196413,,,,,,,,,,,,,,
Interpolated,16.616232464929865,-11.741996333935202,,,,,,,,,,,,,,
Interpolated,16.638076152304617,-11.746111413188467,,,,,,,,,,,,,,
Interpolated,16.659919839679365,-11.750178182173366,,,,,,,,,,,,,,
Interpolated,16.681763527054116,-11.754196961153244,,,,,,,,,,,,,,
Interpolated,16.703607214428864,-11.758168070391418,,,,,,,,,,,,,,
Interpolated,16.725450901803615,-11.762091830151236,,,,,,,,,,,,,,
Interpolated,16.747294589178363,-11.765968560696026,,,,,,,,,,,,,,
Interpolated,16.769138276553115,-11.769798582289122,,,,,,,,,,,,,,
Interpolated,16.790981963927862,-11.773582215193857,,,,,,,,,,,,,,
Interpolated,16.81282565130261,-11.777319779673562,,,,,,,,,,,,,,
Interpolated,16.83466933867736,-11.781011595991576,,,,,,,,,,,,,,
Interpolated,16.856513026052113,-11.784657984411226,,,,,,,,,,,,,,
Interpolated,16.87835671342686,-11.78825926519585,,,,,,,,,,,,,,
Interpolated,16.90020040080161,-11.791815758608774,,,,,,,,,,,,,,
Interpolated,16.92204408817636,-11.795327779408408,,,,,,,,,,,,,,
Interpolated,16.94388777555111,-11.798795620931175,,,,,,,,,,,,,,
Interpolated,16.96573146292586,-11.802219571303405,,,,,,,,,,,,,,
Interpolated,16.987575150300607,-11.805599918651431,,,,,,,,,,,,,,
Interpolated,17.00941883767536,-11.808936951101579,,,,,,,,,,,,,,
Interpolated,17.031262525050106,-11.812230956780178,,,,,,,,,,,,,,
Interpolated,17.053106212424858,-11.815482223813559,,,,,,,,,,,,,,
Interpolated,17.074949899799606,-11.818691040328053,,,,,,,,,,,,,,
Interpolated,17.096793587174357,-11.821857694449985,,,,,,,,,,,,,,
Interpolated,17.118637274549105,-11.82498247430569,,,,,,,,,,,,,,
Interpolated,17.140480961923856,-11.828065668021495,,,,,,,,,,,,,,
Interpolated,17.162324649298604,-11.831107563723728,,,,,,,,,,,,,,
Interpolated,17.184168336673356,-11.834108449538721,,,,,,,,,,,,,,
Interpolated,17.206012024048103,-11.837068613399373,,,,,,,,,,,,,,
Interpolated,17.227855711422855,-11.839988324772397,,,,,,,,,,,,,,
Interpolated,17.249699398797603,-11.842867819650378,,,,,,,,,,,,,,
Interpolated,17.27154308617235,-11.845707330493743,,,,,,,,,,,,,,
Interpolated,17.293386773547102,-11.84850708976292,,,,,,,,,,,,,,
Interpolated,17.315230460921853,-11.851267329918343,,,,,,,,,,,,,,
Interpolated,17.3370741482966,-11.853988283420433,,,,,,,,,,,,,,
Interpolated,17.35891783567135,-11.856670182729616,,,,,,,,,,,,,,
Interpolated,17.3807615230461,-11.859313260306333,,,,,,,,,,,,,,
Interpolated,17.402605210420848,-11.861917748611004,,,,,,,,,,,,,,
Interpolated,17.4244488977956,-11.864483880104057,,,,,,,,,,,,,,
Interpolated,17.446292585170347,-11.867011887245921,,,,,,,,,,,,,,
Interpolated,17.4681362725451,-11.869502002497025,,,,,,,,,,,,,,
Interpolated,17.489979959919847,-11.871954458317798,,,,,,,,,,,,,,
Interpolated,17.511823647294598,-11.87436948695584,,,,,,,,,,,,,,
Interpolated,17.533667334669346,-11.876747316596418,,,,,,,,,,,,,,
Interpolated,17.555511022044097,-11.879088171777434,,,,,,,,,,,,,,
Interpolated,17.577354709418845,-11.881392276907254,,,,,,,,,,,,,,
Interpolated,17.599198396793597,-11.883659856394251,,,,,,,,,,,,,,
Interpolated,17.621042084168344,-11.885891134646787,,,,,,,,,,,,,,
Interpolated,17.642885771543092,-11.888086336073235,,,,,,,,,,,,,,
Interpolated,17.664729458917844,-11.890245685081958,,,,,,,,,,,,,,
Interpolated,17.686573146292595,-11.892369406081327,,,,,,,,,,,,,,
Interpolated,17.708416833667343,-11.894457723479714,,,,,,,,,,,,,,
Interpolated,17.73026052104209,-11.896510861685476,,,,,,,,,,,,,,
Interpolated,17.752104208416842,-11.89852904510699,,,,,,,,,,,,,,
Interpolated,17.773947895791594,-11.900512498152617,,,,,,,,,,,,,,
Interpolated,17.79579158316634,-11.902461445230731,,,,,,,,,,,,,,
Interpolated,17.81763527054109,-11.904376107801772,,,,,,,,,,,,,,
Interpolated,17.83947895791584,-11.906256686045365,,,,,,,,,,,,,,
Interpolated,17.86132264529059,-11.90810337079756,,,,,,,,,,,,,,
Interpolated,17.88316633266534,-11.909916352854335,,,,,,,,,,,,,,
Interpolated,17.905010020040088,-11.911695823011678,,,,,,,,,,,,,,
Interpolated,17.92685370741484,-11.913441972065572,,,,,,,,,,,,,,
Interpolated,17.948697394789587,-11.915154990811999,,,,,,,,,,,,,,
Interpolated,17.97054108216434,-11.916835070046941,,,,,,,,,,,,,,
Interpolated,17.992384769539086,-11.918482400566386,,,,,,,,,,,,,,
Interpolated,18.014228456913834,-11.920097173166319,,,,,,,,,,,,,,
Interpolated,18.036072144288585,-11.921679578642713,,,,,,,,,,,,,,
Interpolated,18.057915831663337,-11.923229807791559,,,,,,,,,,,,,,
Interpolated,18.079759519038085,-11.924748051408839,,,,,,,,,,,,,,
Interpolated,18.101603206412832,-11.926234500289596,,,,,,,,,,,,,,
Interpolated,18.123446893787584,-11.92768934227962,,,,,,,,,,,,,,
Interpolated,18.145290581162335,-11.929112755748088,,,,,,,,,,,,,,
Interpolated,18.167134268537083,-11.930504917164505,,,,,,,,,,,,,,
Interpolated,18.18897795591183,-11.931866002998397,,,,,,,,,,,,,,
Interpolated,18.210821643286582,-11.933196189719279,,,,,,,,,,,,,,
Interpolated,18.23266533066133,-11.934495653796672,,,,,,,,,,,,,,
Interpolated,18.25450901803608,-11.93576457170009,,,,,,,,,,,,,,
Interpolated,18.27635270541083,-11.937003119899057,,,,,,,,,,,,,,
Interpolated,18.29819639278558,-11.93821147486309,,,,,,,,,,,,,,
Interpolated,18.32004008016033,-11.939389813061702,,,,,,,,,,,,,,
Interpolated,18.34188376753508,-11.94053831096442,,,,,,,,,,,,,,
Interpolated,18.363727454909828,-11.941657145040756,,,,,,,,,,,,,,
Interpolated,18.38557114228458,-11.94274649176023,,,,,,,,,,,,,,
Interpolated,18.407414829659327,-11.943806527465085,,,,,,,,,,,,,,
Interpolated,18.42925851703408,-11.944837421186831,,,,,,,,,,,,,,
Interpolated,18.451102204408826,-11.945839330808779,,,,,,,,,,,,,,
Interpolated,18.472945891783574,-11.946812413276408,,,,,,,,,,,,,,
Interpolated,18.494789579158326,-11.947756825535173,,,,,,,,,,,,,,
Interpolated,18.516633266533077,-11.948672724530546,,,,,,,,,,,,,,
Interpolated,18.538476953907825,-11.949560267207985,,,,,,,,,,,,,,
Interpolated,18.560320641282573,-11.950419610512961,,,,,,,,,,,,,,
Interpolated,18.582164328657324,-11.95125091139094,,,,,,,,,,,,,,
Interpolated,18.604008016032076,-11.952054326787378,,,,,,,,,,,,,,
Interpolated,18.625851703406823,-11.952830013647754,,,,,,,,,,,,,,
Interpolated,18.64769539078157,-11.95357812891752,,,,,,,,,,,,,,
Interpolated,18.669539078156323,-11.954298829542152,,,,,,,,,,,,,,
Interpolated,18.69138276553107,-11.954992272467106,,,,,,,,,,,,,,
Interpolated,18.713226452905822,-11.955658613562491,,,,,,,,,,,,,,
Interpolated,18.73507014028057,-11.956297992953454,,,,,,,,,,,,,,
Interpolated,18.756913827655318,-11.956910538818986,,,,,,,,,,,,,,
Interpolated,18.77875751503007,-11.957496379040716,,,,,,,,,,,,,,
Interpolated,18.80060120240482,-11.95805564150025,,,,,,,,,,,,,,
Interpolated,18.822444889779568,-11.958588454079212,,,,,,,,,,,,,,
Interpolated,18.844288577154316,-11.959094944659215,,,,,,,,,,,,,,
Interpolated,18.866132264529067,-11.959575241121868,,,,,,,,,,,,,,
Interpolated,18.88797595190382,-11.960029471348793,,,,,,,,,,,,,,
Interpolated,18.909819639278567,-11.960457763221603,,,,,,,,,,,,,,
Interpolated,18.931663326653315,-11.960860244621914,,,,,,,,,,,,,,
Interpolated,18.953507014028066,-11.96123704343134,,,,,,,,,,,,,,
Interpolated,18.975350701402817,-11.961588287531502,,,,,,,,,,,,,,
Interpolated,18.997194388777565,-11.96191410480401,,,,,,,,,,,,,,
Interpolated,19.019038076152313,-11.962214625702401,,,,,,,,,,,,,,
Interpolated,19.040881763527064,-11.96248999585953,,,,,,,,,,,,,,
Interpolated,19.062725450901816,-11.962740366457485,,,,,,,,,,,,,,
Interpolated,19.084569138276564,-11.96296588868658,,,,,,,,,,,,,,
Interpolated,19.10641282565131,-11.963166713737145,,,,,,,,,,,,,,
Interpolated,19.12825651302606,-11.963342992799497,,,,,,,,,,,,,,
Interpolated,19.15010020040081,-11.963494877063951,,,,,,,,,,,,,,
Interpolated,19.171943887775562,-11.963622517720836,,,,,,,,,,,,,,
Interpolated,19.19378757515031,-11.963726065957282,,,,,,,,,,,,,,
Interpolated,19.215631262525058,-11.963805671987796,,,,,,,,,,,,,,
Interpolated,19.23747494989981,-11.963861483687737,,,,,,,,,,,,,,
Interpolated,19.25931863727456,-11.963893648587993,,,,,,,,,,,,,,
Interpolated,19.28116232464931,-11.96390231421945,,,,,,,,,,,,,,
Interpolated,19.303006012024056,-11.963887628100377,,,,,,,,,,,,,,
Interpolated,19.324849699398808,-11.963849730672468,,,,,,,,,,,,,,
Interpolated,19.34669338677356,-11.963788743526147,,,,,,,,,,,,,,
Interpolated,19.368537074148307,-11.963704785147073,,,,,,,,,,,,,,
Interpolated,19.390380761523055,-11.963597974020908,,,,,,,,,,,,,,
Interpolated,19.412224448897806,-11.963468428633309,,,,,,,,,,,,,,
Interpolated,19.434068136272558,-11.963316267469938,,,,,,,,,,,,,,
Interpolated,19.455911823647305,-11.963141609016464,,,,,,,,,,,,,,
Interpolated,19.477755511022053,-11.962944571758543,,,,,,,,,,,,,,
Interpolated,19.4995991983968,-11.962725274181835,,,,,,,,,,,,,,
Interpolated,19.521442885771553,-11.962483834772009,,,,,,,,,,,,,,
Interpolated,19.543286573146304,-11.962220372014713,,,,,,,,,,,,,,
Interpolated,19.56513026052105,-11.96193500439562,,,,,,,,,,,,,,
Interpolated,19.5869739478958,-11.961627850400387,,,,,,,,,,,,,,
Interpolated,19.60881763527055,-11.96129902843188,,,,,,,,,,,,,,
Interpolated,19.630661322645302,-11.960948653743149,,,,,,,,,,,,,,
Interpolated,19.65250501002005,-11.960576837534791,,,,,,,,,,,,,,
Interpolated,19.674348697394798,-11.960183690740505,,,,,,,,,,,,,,
Interpolated,19.69619238476955,-11.959769324293989,,,,,,,,,,,,,,
Interpolated,19.7180360721443,-11.95933384912893,,,,,,,,,,,,,,
Interpolated,19.73987975951905,-11.958877376179021,,,,,,,,,,,,,,
Interpolated,19.761723446893797,-11.95840001637797,,,,,,,,,,,,,,
Interpolated,19.783567134268548,-11.95790188065946,,,,,,,,,,,,,,
Interpolated,19.8054108216433,-11.95738307995719,,,,,,,,,,,,,,
Interpolated,19.827254509018047,-11.956843725204848,,,,,,,,,,,,,,
Interpolated,19.849098196392795,-11.95628392733614,,,,,,,,,,,,,,
Interpolated,19.870941883767546,-11.955703797284748,,,,,,,,,,,,,,
Interpolated,19.892785571142294,-11.955103445984374,,,,,,,,,,,,,,
Interpolated,19.914629258517046,-11.954482983953596,,,,,,,,,,,,,,
Interpolated,19.936472945891794,-11.953842516938408,,,,,,,,,,,,,,
Interpolated,19.95831663326654,-11.953182147630804,,,,,,,,,,,,,,
Interpolated,19.980160320641293,-11.952501978672963,,,,,,,,,,,,,,
Interpolated,20.002004008016044,-11.951802112707087,,,,,,,,,,,,,,
Interpolated,20.023847695390792,-11.951082652375373,,,,,,,,,,,,,,
Interpolated,20.04569138276554,-11.950343700320015,,,,,,,,,,,,,,
Interpolated,20.06753507014029,-11.949585359183201,,,,,,,,,,,,,,
Interpolated,20.089378757515043,-11.948807731607136,,,,,,,,,,,,,,
Interpolated,20.11122244488979,-11.948010920234001,,,,,,,,,,,,,,
Interpolated,20.13306613226454,-11.947195027706004,,,,,,,,,,,,,,
Interpolated,20.15490981963929,-11.946360156665328,,,,,,,,,,,,,,
Interpolated,20.17675350701404,-11.945506409754175,,,,,,,,,,,,,,
Interpolated,20.19859719438879,-11.944633889614732,,,,,,,,,,,,,,
Interpolated,20.220440881763537,-11.943742698115129,,,,,,,,,,,,,,
Interpolated,20.242284569138288,-11.942832933367564,,,,,,,,,,,,,,
Interpolated,20.26412825651304,-11.941904692346686,,,,,,,,,,,,,,
Interpolated,20.285971943887787,-11.940958072026895,,,,,,,,,,,,,,
Interpolated,20.307815631262535,-11.939993169382584,,,,,,,,,,,,,,
Interpolated,20.329659318637283,-11.939010081388153,,,,,,,,,,,,,,
Interpolated,20.351503006012035,-11.938008905017995,,,,,,,,,,,,,,
Interpolated,20.373346693386786,-11.93698973724651,,,,,,,,,,,,,,
Interpolated,20.395190380761534,-11.935952675048087,,,,,,,,,,,,,,
Interpolated,20.41703406813628,-11.934897815397127,,,,,,,,,,,,,,
Interpolated,20.438877755511033,-11.933825255268033,,,,,,,,,,,,,,
Interpolated,20.460721442885784,-11.932735091635188,,,,,,,,,,,,,,
Interpolated,20.482565130260532,-11.931627421473,,,,,,,,,,,,,,
Interpolated,20.50440881763528,-11.930502341743802,,,,,,,,,,,,,,
Interpolated,20.52625250501003,-11.929359946913122,,,,,,,,,,,,,,
Interpolated,20.548096192384783,-11.928200325904298,,,,,,,,,,,,,,
Interpolated,20.56993987975953,-11.927023566895196,,,,,,,,,,,,,,
Interpolated,20.59178356713428,-11.925829758063673,,,,,,,,,,,,,,
Interpolated,20.61362725450903,-11.924618987587593,,,,,,,,,,,,,,
Interpolated,20.63547094188378,-11.923391343644816,,,,,,,,,,,,,,
Interpolated,20.65731462925853,-11.922146914413212,,,,,,,,,,,,,,
Interpolated,20.679158316633277,-11.920885788070626,,,,,,,,,,,,,,
Interpolated,20.701002004008025,-11.919608052794931,,,,,,,,,,,,,,
Interpolated,20.722845691382776,-11.918313796763988,,,,,,,,,,,,,,
Interpolated,20.744689378757528,-11.917003108155654,,,,,,,,,,,,,,
Interpolated,20.766533066132276,-11.915676075147795,,,,,,,,,,,,,,
Interpolated,20.788376753507023,-11.914332785918266,,,,,,,,,,,,,,
Interpolated,20.810220440881775,-11.9129733285505,,,,,,,,,,,,,,
Interpolated,20.832064128256526,-11.91159778858959,,,,,,,,,,,,,,
Interpolated,20.853907815631274,-11.910206248820487,,,,,,,,,,,,,,
Interpolated,20.875751503006022,-11.908798791889225,,,,,,,,,,,,,,
Interpolated,20.897595190380773,-11.907375500441834,,,,,,,,,,,,,,
Interpolated,20.919438877755525,-11.905936457124351,,,,,,,,,,,,,,
Interpolated,20.941282565130273,-11.90448174458281,,,,,,,,,,,,,,
Interpolated,20.96312625250502,-11.903011445463246,,,,,,,,,,,,,,
Interpolated,20.98496993987977,-11.90152564241169,,,,,,,,,,,,,,
Interpolated,21.006813627254523,-11.900024418074182,,,,,,,,,,,,,,
Interpolated,21.02865731462927,-11.89850785509675,,,,,,,,,,,,,,
Interpolated,21.05050100200402,-11.896976036125427,,,,,,,,,,,,,,
Interpolated,21.07234468937877,-11.895429043806255,,,,,,,,,,,,,,
Interpolated,21.094188376753518,-11.893866960785266,,,,,,,,,,,,,,
Interpolated,21.11603206412827,-11.892289869708488,,,,,,,,,,,,,,
Interpolated,21.137875751503017,-11.890697853221962,,,,,,,,,,,,,,
Interpolated,21.159719438877765,-11.889090993971719,,,,,,,,,,,,,,
Interpolated,21.181563126252517,-11.887469374603793,,,,,,,,,,,,,,
Interpolated,21.203406813627268,-11.885833077764222,,,,,,,,,,,,,,
Interpolated,21.225250501002016,-11.88418218609904,,,,,,,,,,,,,,
Interpolated,21.247094188376764,-11.882516782254275,,,,,,,,,,,,,,
Interpolated,21.268937875751515,-11.880836948875967,,,,,,,,,,,,,,
Interpolated,21.290781563126266,-11.879142768610148,,,,,,,,,,,,,,
Interpolated,21.312625250501014,-11.87743432410285,,,,,,,,,,,,,,
Interpolated,21.334468937875762,-11.875711698000114,,,,,,,,,,,,,,
Interpolated,21.356312625250514,-11.873974972947966,,,,,,,,,,,,,,
Interpolated,21.378156312625265,-11.872224231592446,,,,,,,,,,,,,,
Interpolated,21.400000000000013,-11.87045955657959,,,,,,,,,,,,,,
